observations,genes,batch size,abs batch size,memory,geometry,dimension_1,dimension_2
75000,5000,0.001,75,2897.496654,worst,1,75000
75000,5000,0.002,150,2897.496654,worst,1,75000
75000,5000,0.006666667,500,3015.759563,worst,1,75000
75000,5000,0.01,750,2931.358005,worst,1,75000
75000,5000,0.01333333,1000,2957.752666,worst,1,75000
75000,5000,0.02,1500,2961.081974,worst,1,75000
75000,5000,0.04,3000,2911.737705,worst,1,75000
75000,5000,0.06666667,5000,2937.575962,worst,1,75000
75000,5000,0.1,7500,2917.462688,worst,1,75000
75000,5000,0.13333333,10000,3069.82317,worst,1,75000
500000,5000,0.00015,75,17265.31387,worst,1,500000
500000,5000,3.00E-04,150,17265.31387,worst,1,500000
500000,5000,6.00E-04,300,17265.31387,worst,1,500000
500000,5000,0.001,500,17265.31387,worst,1,500000
500000,5000,0.002,1000,17265.31387,worst,1,500000
500000,5000,0.003,1500,17265.31387,worst,1,500000
500000,5000,0.006,3000,17265.31387,worst,1,500000
500000,5000,0.01,5000,17265.31387,worst,1,500000