observations,genes,batch size,abs batch size,memory,geometry,dimension_1,dimension_275000,5000,0.001,75,3077.55138031058,default,258,3872
75000,5000,0.01333333,999,3134.35160482882,default,258,3872
75000,5000,0.04,3000,3646.05650177662,default,258,3872
