observations,genes,batch size,abs batch size,memory,geometry,dimension_1,dimension_275000,5000,0.001,75,3108.54529217054,worst,1,75000
75000,5000,0.01333333,999,3456.87737813892,worst,1,75000
75000,5000,0.04,3000,3427.15702585408,worst,1,75000
