observations,genes,batch size,abs batch size,memory,geometry,dimension_1,dimension_2
75000,5000,0.001,75,3108.545292,worst,1,75000
75000,5000,0.01333333,999,3456.877378,worst,1,75000
75000,5000,0.04,3000,3427.157026,worst,1,75000