observations,genes,batch size,abs batch size,memory,geometry,dimension_1,dimension_275000,5000,0.001,75,3124.7902034256,best,5000,1
75000,5000,0.01333333,999,3176.46803717747,best,5000,1
75000,5000,0.04,3000,3427.33982614774,best,5000,1
