observations,genes,batch size,abs batch size,memory,geometry,dimension_1,dimension_2
75000,5000,0.001,75,3124.790203,best,5000,1
75000,5000,0.01333333,999,3176.468037,best,5000,1
75000,5000,0.04,3000,3427.339826,best,5000,1