observations,genes,batch size,abs batch size,time,geometry,dimension_1,dimension_2
75000,5000,0.001,75,301.135,default,258,3872
75000,5000,0.002,150,233.251,default,258,3872
75000,5000,0.006666667,500,244.736,default,258,3872
75000,5000,0.01,750,169.632,default,258,3872
75000,5000,0.01333333,1000,244.822,default,258,3872
75000,5000,0.02,1500,255.1,default,258,3872
75000,5000,0.04,3000,220.804,default,258,3872
75000,5000,0.06666667,5000,342.525,default,258,3872
75000,5000,0.1,7500,297.553,default,258,3872
75000,5000,0.13333333,10000,569.426,default,258,3872
500000,5000,0.00015,75,1228.865,default,100,10000
500000,5000,3.00E-04,150,1202.583,default,100,10000
500000,5000,6.00E-04,300,1184.163,default,100,10000
500000,5000,0.001,500,1028.846,default,100,10000
500000,5000,0.002,1000,1221.153,default,100,10000
500000,5000,0.003,1500,1478.443,default,100,10000
500000,5000,0.006,3000,1192.262,default,100,10000
500000,5000,0.01,5000,2023.577,default,100,10000
500000,5000,0.015,7500,1561.753,default,100,10000
500000,5000,0.02,10000,1607.574,default,100,1000075000,5000,0.001,75,1.538,93.396,360.88,default,258,3872
75000,5000,0.002,150,1.427,107.049,353.849,default,258,3872
75000,5000,0.006666667,500,1.033,154.84,352.806,default,258,3872
75000,5000,0.01,750,1.42,239.256,381,default,258,3872
75000,5000,0.01333333,999,1.157,111.156,400.268,default,258,3872
500000,5000,0.00015,75,9.217,644.304,2074.233,default,100,10000
75000,5000,0.02,1500,1.057,126.148,541.94,default,258,3872
75000,5000,0.04,3000,1.24,215.488,382.129,default,258,3872
75000,5000,0.06666667,5000,1.217,302.635,291.649,default,258,3872
75000,5000,0.1,7500,1.066,269.267,300.229,default,258,3872
75000,5000,0.13333333,9999,1.103,456.693,326.288,default,258,3872
500000,5000,3e-04,150,8.515,810.071,3252.624,default,100,10000
500000,5000,6e-04,300,8.457,778.826,3059.092,default,100,10000
500000,5000,0.001,500,7.244,886.224,3189.266,default,100,10000
500000,5000,0.002,1000,5.62,675.959,3154.672,default,100,10000
500000,5000,0.003,1500,5.951,1078.699,2964.922,default,100,10000
500000,5000,0.006,3000,6.322,1520.403,3628.503,default,100,10000
500000,5000,0.01,5000,6.256,1656.844,3187.495,default,100,10000
500000,5000,0.015,7500,9.385,1456.271,2946.745,default,100,10000
