observations,genes,batch size,abs batch size,time,geometry,dimension_1,dimension_2
75000,5000,0.001,75,301.208,best,5000,1
75000,5000,0.01333333,999,510.478,best,5000,1
75000,5000,0.04,3000,799.572,best,5000,175000,5000,0.001,75,98.159,best,5000,1
75000,5000,0.002,150,92.219,best,5000,1
75000,5000,0.006666667,500,108.281,best,5000,1
75000,5000,0.01,750,103.439,best,5000,1
