observations,genes,batch size,abs batch size,time1,time2,time3,geometry,dimension_1,dimension_2
75000,5000,0.001,75,1.27,99.275,407.952,worst,1,75000
75000,5000,0.002,150,1.263,104.678,391.388,worst,1,75000
75000,5000,0.006666667,500,0.986,111.929,369.311,worst,1,75000
75000,5000,0.01,750,1.286,115.381,398.301,worst,1,75000
75000,5000,0.01333333,1000,1.095,134.222,504.737,worst,1,75000
500000,5000,0.00015,75,6.185,912.954,1922.809,worst,1,500000
75000,5000,0.02,1500,1.367,210.271,515.18,worst,1,75000
75000,5000,0.04,3000,1.191,200.47,395.14,worst,1,75000
75000,5000,0.06666667,5000,1.102,242.12,338.951,worst,1,75000
75000,5000,0.1,7500,1.155,361.04,379.752,worst,1,75000
75000,5000,0.13333333,10000,1.356,440.507,398.195,worst,1,75000
500000,5000,3.00E-04,150,6.318,819.465,3109.058,worst,1,500000
500000,5000,6.00E-04,300,6.235,1102.981,2662.243,worst,1,500000
500000,5000,0.001,500,6.722,1880.057,3366.736,worst,1,500000
500000,5000,0.002,1000,5.684,951.554,2846.489,worst,1,500000
500000,5000,0.003,1500,6.094,711.602,3091.705,worst,1,500000
500000,5000,0.006,3000,6.671,1369.884,3452.075,worst,1,500000
500000,5000,0.01,5000,6.299,1173.104,3196.469,worst,1,500000
500000,5000,0.015,7500,9.153,1546.566,2947.309,worst,1,50000075000,5000,0.001,75,228.873,NA,NA,worst,1,75000,full
75000,5000,0.001,75,1.587,91.67,380.468,worst,1,75000,two steps
75000,5000,0.01,750,263.392,NA,NA,worst,1,75000,full
75000,5000,0.01,750,1.479,138.868,416.649,worst,1,75000,two steps
75000,5000,0.04,3000,295.982,NA,NA,worst,1,75000,full
75000,5000,0.13333333,9999,609.138,NA,NA,worst,1,75000,full
75000,5000,0.13333333,9999,0.981999999999999,468.353,369.704,worst,1,75000,two steps
500000,5000,0.00015,75,3515.677,NA,NA,worst,1,500000,full
500000,5000,0.00015,75,5.799,946.193,1646.31,worst,1,500000,two steps
500000,5000,0.001,500,3790.569,NA,NA,worst,1,500000,full
500000,5000,0.001,500,5.939,1050.581,2512.11,worst,1,500000,two steps
500000,5000,0.006,3000,4633.172,NA,NA,worst,1,500000,full
500000,5000,0.00015,75,3855.511,NA,NA,worst,1,500000,full
500000,5000,0.006,3000,6.412,1746.11,3221.212,worst,1,500000,two steps
500000,5000,0.00015,75,6.157,775.114,1773.475,worst,1,500000,two steps
500000,5000,0.02,10000,5496.867,NA,NA,worst,1,500000,full
500000,5000,0.001,500,4284.122,NA,NA,worst,1,500000,full
500000,5000,0.001,500,5.748,821.533,3092.849,worst,1,500000,two steps
