"B","observations","genes","batch_size","k","initializer","method","memory"
1,1e+05,1000,0.01,2,random,hdf5,935.079036421626
1,1e+05,1000,0.01,3,random,hdf5,935.086665816186
1,1e+05,1000,0.01,4,random,hdf5,935.094295210746
1,1e+05,1000,0.01,5,random,hdf5,935.00259751753
1,1e+05,1000,0.01,6,random,hdf5,935.109500594104
1,1e+05,1000,0.01,7,random,hdf5,935.117129988664
1,1e+05,1000,0.01,8,random,hdf5,935.124637312911
1,1e+05,1000,0.01,9,random,hdf5,935.132388777784
1,1e+05,1000,0.01,10,random,hdf5,935.040569014255
