"B","observations","genes","batch_size","k","initializer","method","memory"
6,350000,1000,0.005,3,random,mbkmeans,4272.85278404581
6,350000,1000,0.01,3,random,mbkmeans,4259.36567767175
6,350000,1000,0.05,3,random,mbkmeans,4259.30135424621
6,350000,1000,0.1,3,random,mbkmeans,4125.71528654311
6,350000,1000,0.2,3,random,mbkmeans,4660.03705064157
6,350000,1000,0.5,3,random,mbkmeans,5728.69696677799
6,350000,1000,0.8,3,random,mbkmeans,7331.65970322619
