"B","observations","genes","batch_size","k","initializer","method","memory"
1,250000,1000,0.005,3,random,hdf5,935.079570479245
1,250000,1000,0.01,3,random,hdf5,935.079570479245
1,250000,1000,0.05,3,random,hdf5,935.079509444089
