"B","observations","genes","batch_size","k","initializer","method","memory"
4,250000,1000,0.005,3,random,hdf5,935.079631514402
4,250000,1000,0.01,3,random,hdf5,935.079631514402
4,250000,1000,0.05,3,random,hdf5,935.079631514402
4,250000,1000,0.1,3,random,hdf5,1123.43393367682
4,250000,1000,0.2,3,random,hdf5,1796.42124852974
