"B","observations","genes","batch_size","k","initializer","method","ARI","WCSS","iterations","fault"
1,1e+05,1000,0.01,2,random,hdf5,0.0876309457815091,3474841840.00578,17,NA
2,1e+05,1000,0.01,2,random,hdf5,0.0876309457815091,3474841840.00578,17,NA
1,1e+05,1000,0.01,3,random,hdf5,0.224703986299829,1595090071.03466,26,NA
2,1e+05,1000,0.01,3,random,hdf5,0.224703986299829,1595090071.03466,26,NA
