TENxBrainData,davide_mac,1232055,11720,01_full_cluster,hdf5,0.001,1,97267.4188311954
TENxBrainData,davide_mac,1232055,11720,01_full_cluster,hdf5,0.01,1,97267.4188311954
