TENxBrainData_750k,ruoxi_cluster,750000,5000,01_full_cluster,hdf5,1e-04,1,990.993,457.809,1481.262
TENxBrainData_750k,ruoxi_cluster,750000,5000,01_full_cluster,hdf5,2e-04,1,981.096,424.774,1525.732
TENxBrainData_750k,ruoxi_cluster,750000,5000,01_full_cluster,hdf5,4e-04,1,969.749,418.232,1504.616
TENxBrainData_750k,ruoxi_cluster,750000,5000,01_full_cluster,hdf5,0.0006666667,1,985.923,434.489,1459.617
TENxBrainData_750k,ruoxi_cluster,750000,5000,01_full_cluster,hdf5,0.0013333333,1,850.439,401.076,1410.334
TENxBrainData_750k,ruoxi_cluster,750000,5000,01_full_cluster,hdf5,0.002,1,976.968,441.202,1527.395
TENxBrainData_750k,ruoxi_cluster,750000,5000,01_full_cluster,hdf5,0.004,1,866.126,430.913,1719.057
TENxBrainData_750k,ruoxi_cluster,750000,5000,01_full_cluster,hdf5,0.0066666667,1,998.142,509.728,1914.005
TENxBrainData_750k,ruoxi_cluster,750000,5000,01_full_cluster,hdf5,0.0133333333,1,897.869,418.052,1452.674
