TENxBrainData_150k,davide_mac,150000,5000,01_full_cluster,hdf5,0.001,1,4380743482.34429
TENxBrainData_150k,davide_mac,150000,5000,01_full_cluster,hdf5,0.01,1,3669686678.75518
TENxBrainData_150k,davide_mac,150000,5000,01_full_cluster,kmeans,0.01,1,4302221030.17793
