"B","observations","genes","abs_batch","k","method","WCSS"
1,10000,5000,10,15,hdf5,525115950.75
1,10000,5000,35,15,hdf5,298812101.851851
1,10000,5000,75,15,hdf5,313613135.687776
